Model	Accuracy	Precision	Recall	F1	ROC-AUC Score
SVM	0.9430232558139535	0.9435983946595151	0.9444444444444445	0.9433550942271539	0.987827380952381
Random Forest	0.9930232558139535	0.9931955027020184	0.993015873015873	0.9930999233324815	0.9999126984126985
K-Nearest Neighbors	0.877906976744186	0.8853773802601094	0.881904761904762	0.8765566251304159	0.9114285714285715
