Model	Accuracy	Precision	Recall	F1
SVM	0.9593023255813954	0.9608806718254366	0.9607936507936508	0.9595982860721343
Random Forest	0.9906976744186047	0.9908105970739424	0.9907936507936509	0.9908000131803142
K-Nearest Neighbors	0.8848837209302326	0.8924627040605692	0.8885714285714285	0.8843507609676774
