Model	Accuracy	Precision	Recall	F1
SVM	0.9465116279069767	0.9470765389412833	0.9476190476190477	0.9470119406306235
Random Forest	0.9895348837209302	0.9898022176318352	0.9895238095238096	0.9896496001790981
K-Nearest Neighbors	0.8906976744186047	0.8970444220444221	0.8944444444444445	0.8892476020411643
